name,m1,m2,m3,m4,m5,m6,m7,m8,m9,m10,m11,m12
무한도전,15.24,15,11.95,14.02,12.675,13.175,12.84,13.35,14.225,12.66,13.575,12.02
복면가왕,14.3,14.05,13.75999999,14.15,13.76,13.6,12.92,12.525,12.15,13.34,12.5,13.5
라디오스타,8.7,9.466666667,8.16,7.45,8.433333333,7.84,7.5,8.966666667,8.9,9.633333333,7.94,8.525
