name,m1,m2,m3,m4,m5,m6,m7,m8,m9,m10,m11,m12
나혼자산다,10.75,9.4,9.52,9.533333333,8.65,9.42,9.833333333,9.7,10.975,10.56666667,9.86,10.4
복면가왕,8.275,8.525,7.7,8.16,8.425,8.575,7.68,7.1,7.06,8.075,8.525,9.35
라디오스타,6.25,6.35,5.7,5.3,5.733333333,5.5,6.95,6.36,5.933333333,5.7,0,0
전지적참견,0,0,0,6.875,6.7,7.3,6.825,7.025,7.575,6.75,7.975,10.05
