name,m1,m2,m3,m4,m5,m6,m7,m8,m9,m10,m11,m12
무한도전,13.5,8.45,11,10.22,10.4,10.875,12.86,9.75,,,9.8,10.58
나혼자산다,7.033333333,7.1,6.35,6.75,6.575,6.9,7.125,8.05,,,6.9,8.125
복면가왕,12.52,12.025,10.675,7.65,7.8,7.05,8.08,8.2,,,7,8.18
라디오스타,8.425,8.1,7.42,7.366666667,7.04,7.1,7.966666667,6.733333333,,,6.1,6.6
