name,m1,m2,m3,m4,m5,m6,m7,m8,m9,m10,m11,m12
무한도전,16.73333333,13.15,13.05,13.175,11.6,13.75,15.45,16,15.65,14.06,13.375,13.4
라디오스타,0,0,0,0,0,6.3,6.6,0,6.866666667,8.5,7.95,7.933333333
복면가왕,0,0,0,9.025,9.4,10.475,12.525,12.74,13.075,13.325,13.66,12.8
마리텔,0,0,0,5.8,6.966666667,8.3,8.575,6.98,6.566666667,6.6,6.633333333,6.666666667
